{"cameraMode":{"drawMode":0,"name":"Shaded","section":"Shading Mode"},"sceneLighting":false,"audioPlay":false,"sceneViewState":{"m_AlwaysRefresh":false,"showFog":true,"showSkybox":false,"showFlares":true,"showImageEffects":true,"showParticleSystems":true,"showVisualEffectGraphs":true,"m_FxEnabled":true},"in2DMode":false,"pivot":{"x":1.2364165782928467,"y":0.6898097991943359,"z":1.072860836982727},"rotation":{"x":-0.21320988237857819,"y":-0.46208444237709048,"z":0.11550428718328476,"w":-0.8530634641647339},"size":3.363499879837036,"orthographic":false}