{"cameraMode":{"drawMode":0,"name":"Shaded","section":"Shading Mode"},"sceneLighting":false,"audioPlay":false,"sceneViewState":{"m_AlwaysRefresh":false,"showFog":true,"showSkybox":false,"showFlares":true,"showImageEffects":true,"showParticleSystems":true,"showVisualEffectGraphs":true,"m_FxEnabled":true},"in2DMode":false,"pivot":{"x":-1.1404392719268799,"y":4.248359203338623,"z":10.513986587524414},"rotation":{"x":-0.08048726618289948,"y":0.3038969039916992,"z":-0.025735070928931237,"w":-0.9489865899085999},"size":1.7292375564575196,"orthographic":false}